mysql> SHOW DATBASES;
ERROR 2013 (HY000): Lost connection to MySQL server during query
mysql> SHOW DATBASES;
ERROR 2006 (HY000): MySQL server has gone away
No connection. Trying to reconnect...
Connection id:    5042
Current database: *** NONE ***

ERROR 1064 (42000): You have an error in your SQL syntax; check the manual that corresponds to your MySQL server version for the right syntax to use near 'DATBASES' at line 1
mysql> SHOW DATABASES;
+--------------------+
| Database           |
+--------------------+
| information_schema |
| bookshop           |
| eshop              |
| mydb1              |
| mysql              |
| pcshop             |
| performance_schema |
| sys                |
| wall               |
| wordpress          |
| world              |
+--------------------+
11 rows in set (0.00 sec)

mysql> USE mydb1
Database changed
mysql> USE world
Database changed
mysql> SELECT name INTO @p FROM world.country ORDER BY population DESC LIMIT 1;
Query OK, 1 row affected (0.00 sec)

mysql> SELECT @p;
+-------+
| @p    |
+-------+
| China |
+-------+
1 row in set (0.00 sec)

mysql> DROP PROCEDURE IF EXISTS pc4; delimiter $ CREATE PROCEDURE pc4() BEGIN     DECLARE d,p VARCHAR(10)     DECLARE i SMALLINT(10) DEFAULT 1;     SELECT d,p,i; END $ delimiter ; CALL pc4();
ERROR 2006 (HY000): MySQL server has gone away
No connection. Trying to reconnect...
Connection id:    5189
Current database: world

Query OK, 0 rows affected, 1 warning (0.04 sec)

ERROR 1054 (42S22): Unknown column 'd' in 'field list'
    -> DROP PROCEDURE IF EXISTS pc4; delimiter $ CREATE PROCEDURE pc4() BEGIN     DECLARE d,p VARCHAR(10);     DECLARE i SMALLINT(10) DEFAULT 1;     SELECT d,p,i; END $ delimiter ; CALL pc4();
ERROR 2013 (HY000): Lost connection to MySQL server during query
ERROR 2006 (HY000): MySQL server has gone away
No connection. Trying to reconnect...
Connection id:    5193
Current database: world

ERROR 1064 (42000): You have an error in your SQL syntax; check the manual that corresponds to your MySQL server version for the right syntax to use near 'DECLARE i SMALLINT(10) DEFAULT 1' at line 1
ERROR 1054 (42S22): Unknown column 'd' in 'field list'
ERROR 1064 (42000): You have an error in your SQL syntax; check the manual that corresponds to your MySQL server version for the right syntax to use near 'END $ delimiter' at line 1
ERROR 1305 (42000): PROCEDURE world.pc4 does not exist
mysql> DROP PROCEDURE IF EXISTS pc4; delimiter $ CREATE PROCEDURE pc4() BEGIN     DECLARE d,p VARCHAR(10);     DECLARE i SMALLINT(10) DEFAULT 1;     SELECT d,p,i; END $ delimiter ; CALL pc4();
Query OK, 0 rows affected, 1 warning (0.00 sec)

ERROR 1064 (42000): You have an error in your SQL syntax; check the manual that corresponds to your MySQL server version for the right syntax to use near 'DECLARE i SMALLINT(10) DEFAULT 1;     SELECT d,p,i; END' at line 1
    -> ^C
mysql> DROP PROCEDURE IF EXISTS pc4; delimiter $ CREATE PROCEDURE pc4() BEGIN     DECLARE d,p VARCHAR(10);     DECLARE i SMALLINT(10) DEFAULT 1;     SELECT d,p,i; END $ delimiter ; CALL pc4();
Query OK, 0 rows affected, 1 warning (0.00 sec)

ERROR 1064 (42000): You have an error in your SQL syntax; check the manual that corresponds to your MySQL server version for the right syntax to use near 'delimiter' at line 1
Query OK, 0 rows affected (0.01 sec)

    -> ^C
mysql> SELECT ROUTINE_DEFINITION FROM information_schema.ROUTINES where     ROUTINE_NAME = 'PC4' AND     ROUTINE_SCHEMA = 'mydbq';
    -> ^C
mysql> SHOW DATABASES;
    -> ^C
mysql> SHOW DATABASES;
    -> ^C
mysql> ^C
mysql> ^C
mysql> Terminal close -- exit!
mysql> SHOW DATABASES;
ERROR 2013 (HY000): Lost connection to MySQL server during query
mysql> SHOW DATABASES;
ERROR 2006 (HY000): MySQL server has gone away
No connection. Trying to reconnect...
Connection id:    6950
Current database: *** NONE ***

+--------------------+
| Database           |
+--------------------+
| information_schema |
| bookshop           |
| eshop              |
| mydb1              |
| mysql              |
| pcshop             |
| performance_schema |
| sys                |
| wall               |
| wordpress          |
| world              |
+--------------------+
11 rows in set (0.05 sec)

mysql> SELECT ROUTINE_DEFINITION FROM information_schema.ROUTINES where     ROUTINE_NAME = 'PC4' AND     ROUTINE_SCHEMA = 'mydbq';
Empty set (0.05 sec)

mysql> SELECT ROUTINE_DEFINITION FROM information_schema.ROUTINES where     ROUTINE_NAME = 'PC4' AND     ROUTINE_SCHEMA = 'mydb1';
Empty set (0.01 sec)

mysql> SELECT ROUTINE_DEFINITION FROM information_schema.ROUTINES where     ROUTINE_NAME = 'pc4' AND     ROUTINE_SCHEMA = 'mydb1';
Empty set (0.01 sec)

mysql> USE mydb1;
Database changed
mysql> SELECT ROUTINE_DEFINITION FROM information_schema.ROUTINES where     ROUTINE_NAME = 'pc4' AND     ROUTINE_SCHEMA = 'mydb1';
Empty set (0.00 sec)

mysql> SELECT ROUTINE_DEFINITION FROM information_schema.ROUTINES WHERE     ROUTINE_NAME = 'pc4' AND     ROUTINE_SCHEMA = 'mydb1';
ERROR 2013 (HY000): Lost connection to MySQL server during query
mysql> SELECT ROUTINE_DEFINITION FROM information_schema.ROUTINES WHERE     ROUTINE_NAME = 'pc4' AND     ROUTINE_SCHEMA = 'mydb1';
ERROR 2006 (HY000): MySQL server has gone away
No connection. Trying to reconnect...
Connection id:    6960
Current database: mydb1

Empty set (0.07 sec)

mysql> DROP PROCEDURE IF EXISTS pc5; delimiter | CREATE PROCEDURE pc5() BEGIN     DECLARE t VARCHAR(50);     DECLARE mycur CURSOR FOR         SELECT title FROM tb1;      OPEN mycur;         FETCH mycur INTO t;         SELECT t     CLOSE mycur; END | delimiter ; CALLps5();
ERROR 2006 (HY000): MySQL server has gone away
No connection. Trying to reconnect...
Connection id:    6994
Current database: mydb1

Query OK, 0 rows affected, 1 warning (0.04 sec)

ERROR 1064 (42000): You have an error in your SQL syntax; check the manual that corresponds to your MySQL server version for the right syntax to use near 'DECLARE mycur CURSOR FOR         SELECT title FROM tb1;      OPEN mycur;        ' at line 1
    -> 
    -> ^C
mysql> ^C
mysql> ^C
mysql> DROP PROCEDURE IF EXISTS pc5; delimiter | CREATE PROCEDURE pc5() BEGIN     DECLARE t VARCHAR(50);     DECLARE mycur CURSOR FOR         SELECT title FROM tb1;      OPEN mycur;         FETCH mycur INTO t;         SELECT t     CLOSE mycur; END | delimiter ; CALL pc5();
Query OK, 0 rows affected, 1 warning (0.00 sec)

ERROR 1064 (42000): You have an error in your SQL syntax; check the manual that corresponds to your MySQL server version for the right syntax to use near 'delimiter' at line 1
ERROR 1064 (42000): You have an error in your SQL syntax; check the manual that corresponds to your MySQL server version for the right syntax to use near 'mycur; END' at line 1
    -> ^C
mysql> DROP PROCEDURE IF EXISTS pc5; delimiter | CREATE PROCEDURE pc5() BEGIN     DECLARE t VARCHAR(50);     DECLARE mycur CURSOR FOR         SELECT title FROM tb1;      OPEN mycur;         FETCH mycur INTO t;         SELECT t;     CLOSE mycur; END | delimiter ; CALL pc5();
ERROR 2013 (HY000): Lost connection to MySQL server during query
ERROR 2006 (HY000): MySQL server has gone away
No connection. Trying to reconnect...
Connection id:    7001
Current database: mydb1

Query OK, 0 rows affected (0.04 sec)

    -> ^C
mysql> DROP PROCEDURE IF EXISTS pc5; delimiter | CREATE PROCEDURE pc5() BEGIN     DECLARE t VARCHAR(50);     DECLARE mycur CURSOR FOR         SELECT title FROM tb1;      OPEN mycur;         FETCH mycur INTO t;         SELECT t;     CLOSE mycur; END | delimiter ; CALL pc5();
Query OK, 0 rows affected (0.05 sec)

ERROR 1064 (42000): You have an error in your SQL syntax; check the manual that corresponds to your MySQL server version for the right syntax to use near 'delimiter' at line 1
Query OK, 0 rows affected (0.00 sec)

    -> DROP PROCEDURE IF EXISTS pc6; delimiter | CREATE PROCEDURE pc6() BEGIN     DECLARE t VARCHAR(50);     DECLARE i INT(11);     DECLARE mycur CURSOR FOR         SELECT title, idtb1 FROM tb1;      OPEN mycur;         FETCH mycur INTO t, i;         SELECT t, i;         FETCH mycur INTO t, i;         SELECT t, i;     CLOSE mycur; END | delimiter ; CALL pc6
ERROR 2006 (HY000): MySQL server has gone away
No connection. Trying to reconnect...
Connection id:    7062
Current database: mydb1

ERROR 1064 (42000): You have an error in your SQL syntax; check the manual that corresponds to your MySQL server version for the right syntax to use near '' at line 1
ERROR 1064 (42000): You have an error in your SQL syntax; check the manual that corresponds to your MySQL server version for the right syntax to use near 'DECLARE i INT(11)' at line 1
ERROR 1064 (42000): You have an error in your SQL syntax; check the manual that corresponds to your MySQL server version for the right syntax to use near 'DECLARE mycur CURSOR FOR         SELECT title, idtb1 FROM tb1' at line 1
ERROR 1064 (42000): You have an error in your SQL syntax; check the manual that corresponds to your MySQL server version for the right syntax to use near 'OPEN mycur' at line 1
ERROR 1064 (42000): You have an error in your SQL syntax; check the manual that corresponds to your MySQL server version for the right syntax to use near 'FETCH mycur INTO t, i' at line 1
ERROR 1054 (42S22): Unknown column 't' in 'field list'
ERROR 1064 (42000): You have an error in your SQL syntax; check the manual that corresponds to your MySQL server version for the right syntax to use near 'FETCH mycur INTO t, i' at line 1
ERROR 1054 (42S22): Unknown column 't' in 'field list'
ERROR 1064 (42000): You have an error in your SQL syntax; check the manual that corresponds to your MySQL server version for the right syntax to use near 'CLOSE mycur' at line 1
ERROR 1064 (42000): You have an error in your SQL syntax; check the manual that corresponds to your MySQL server version for the right syntax to use near 'END | delimiter' at line 1
    -> ^C
mysql> DROP PROCEDURE IF EXISTS pc7; delimiter | CREATE PROCEDURE pc7(INT d FLOAT(3,1)) BEGIN     IF d < 36.3 THEN         SELECT 'Вы переохлаждены';         ELSE IF d > 36.8 THEN             SELECT 'У вас жар';             ELSE SELECT 'Вы в норме';         END IF;     END IF; END | delimiter ; CALL pc7(36.6);
ERROR 2006 (HY000): MySQL server has gone away
No connection. Trying to reconnect...
Connection id:    7086
Current database: mydb1

Query OK, 0 rows affected, 1 warning (0.04 sec)

ERROR 1064 (42000): You have an error in your SQL syntax; check the manual that corresponds to your MySQL server version for the right syntax to use near 'ELSE IF d > 36.8 THEN             SELECT 'У вас жар';             ELSE SE' at line 1
    -> ^C
mysql> DROP PROCEDURE IF EXISTS pc7; delimiter | CREATE PROCEDURE pc7(INT d FLOAT(3,1)) BEGIN     IF d < 36.3 THEN         SELECT 'Вы переохлаждены';         ELSE IF d > 36.8 THEN                 SELECT 'У вас жар';             ELSE SELECT 'Вы в норме';         END IF;     END IF; END | delimiter ; CALL pc7(36.6
ERROR 2013 (HY000): Lost connection to MySQL server during query
ERROR 2006 (HY000): MySQL server has gone away
No connection. Trying to reconnect...
Connection id:    7090
Current database: mydb1

ERROR 1064 (42000): You have an error in your SQL syntax; check the manual that corresponds to your MySQL server version for the right syntax to use near 'INT d FLOAT(3,1)) BEGIN     IF d < 36.3 THEN         SELECT 'Вы переохл' at line 1
    -> ^C
mysql> DROP PROCEDURE IF EXISTS pc7; delimiter | CREATE PROCEDURE pc7(INT d FLOAT(3,1)) BEGIN     IF d < 36.3 THEN         SELECT 'Вы переохлаждены';         ELSE IF d > 36.8 THEN                 SELECT 'У вас жар';             ELSE SELECT 'Вы в норме';         END IF;     END IF; END | delimiter ; CALL pc7(36.6);
Query OK, 0 rows affected, 1 warning (0.00 sec)

ERROR 1064 (42000): You have an error in your SQL syntax; check the manual that corresponds to your MySQL server version for the right syntax to use near 'delimiter' at line 1
ERROR 1064 (42000): You have an error in your SQL syntax; check the manual that corresponds to your MySQL server version for the right syntax to use near 'INT d FLOAT(3,1)) BEGIN     IF d < 36.3 THEN         SELECT 'Вы переохл' at line 1
    -> ^C
mysql> ^C
mysql> DROP PROCEDURE IF EXISTS pc8; delimiter | CREATE PROCEDURE pc8(IN d INT(11)) BEGIN     DECLARE res  VARCHAR(3000) DEFAULT '';     WHILE d > 0 DO         SET res = CONCAT(res, '', d);         SET  d = d -1;     END WHILE;     SELECT res; END | delimiter ; CALL pc8(10);
ERROR 2006 (HY000): MySQL server has gone away
No connection. Trying to reconnect...
Connection id:    7118
Current database: mydb1

Query OK, 0 rows affected, 1 warning (0.03 sec)

ERROR 1064 (42000): You have an error in your SQL syntax; check the manual that corresponds to your MySQL server version for the right syntax to use near 'delimiter' at line 1
Query OK, 0 rows affected (0.01 sec)

    -> ^C
mysql> DROP PROCEDURE IF EXISTS pc10; delimiter | CREATE PROCEDURE pc10(IN p1 INT(11), IN p2 INT(11)) BEGIN     DECLARE poput INT(11) DEFAULT '0';     DECLARE flag SMALLINT(1) DEFAULT '0';     DECLARE curpopulation CURSOR FOR         SELECT population FROM world.country;     DECLARE CONTINUE HANDLER FOR SQLSTATE '02000' SET flag = 1;      DROP TEMPORARY TABLE IF EXISTS tmp;     CREATE TEMPORARY TABLE tmp (         psize ENUM('больших','средних','маленьких')     );      OPEN curpopulation;      REPEAT         FETCH curpopulation INTO popul;         IF NOT flag THEN             IF popul < p1 THEN                 INSERT INTO tmp VALUES ('маленьких');                 ELSE IF popul > p2 THEN                     INSERT INTO tmp VALUES ('боьших');                     ELSE INSERT INTO tmp VALUES ('средних');                 END IF;             END IF;         END IF;         UNTIL flag     END REPEAT;      CLOSE curpopulation;     SELECT psize 'Размеры', count(psize) 'Количество'     FROM tmp     GROUP BY 1;     DROP TEMPORARY TABLE tmp; END | delimiter ; CALL pc10(2e6 , 1e7);
ERROR 2006 (HY000): MySQL server has gone away
No connection. Trying to reconnect...
Connection id:    7279
Current database: mydb1

Query OK, 0 rows affected, 1 warning (0.04 sec)

ERROR 1064 (42000): You have an error in your SQL syntax; check the manual that corresponds to your MySQL server version for the right syntax to use near 'delimiter' at line 1
ERROR 1327 (42000): Undeclared variable: popul
    -> ^C
mysql> CALL pc10(2e6 , 1e7);
    -> ^C
mysql> CALL pc10(2e6 , 1e7);
    -> ^C
mysql> SELECT IF (population < 2e6 , 'маленькие',     IF (population > 1e7,'большие', 'средние')) count(*)  FROM world.country GROUP BY 1;
    -> ^C
mysql> USE world;
No connection. Trying to reconnect...
Connection id:    7636
Current database: *** NONE ***

ERROR 1049 (42000): Unknown database 'world;'
mysql> SHOW DATABASES;
    -> ^C
mysql> ^C
mysql> SHOW DATABASES;
    -> $;
    -> ^C
mysql> SHOW DATABASES;
    -> ^C
mysql> 
mysql> SHOW DATABASES;
    -> ^C
mysql> \r
Connection id:    7641
Current database: *** NONE ***

mysql> SHOW DATABASES;
    -> ^C
mysql> ^C
mysql> exit
mysql> USE world;
No connection. Trying to reconnect...
Connection id:    7649
Current database: *** NONE ***

Database changed
mysql> SELECT IF (population < 2e6 , 'маленькие',     IF (population > 1e7,'большие', 'средние')) count(*)  FROM world.country GROUP BY 1;
ERROR 1064 (42000): You have an error in your SQL syntax; check the manual that corresponds to your MySQL server version for the right syntax to use near 'count(*)  FROM world.country GROUP BY 1' at line 1
mysql> SELECT IF (population < 2e6 , 'маленькие',     IF (population > 1e7,'большие', 'средние')) count(*)  FROM world.country GROUP BY 1;
ERROR 1064 (42000): You have an error in your SQL syntax; check the manual that corresponds to your MySQL server version for the right syntax to use near 'count(*)  FROM world.country GROUP BY 1' at line 1
mysql> SELECT TRUNCATE(2.8333,2); SELECT TRUNCATE(2.1222,1); SELECT TRUNCATE(2.1333,0);
ERROR 2006 (HY000): MySQL server has gone away
No connection. Trying to reconnect...
Connection id:    7713
Current database: world

+--------------------+
| TRUNCATE(2.8333,2) |
+--------------------+
|               2.83 |
+--------------------+
1 row in set (0.04 sec)

+--------------------+
| TRUNCATE(2.1222,1) |
+--------------------+
|                2.1 |
+--------------------+
1 row in set (0.00 sec)

+--------------------+
| TRUNCATE(2.1333,0) |
+--------------------+
|                  2 |
+--------------------+
1 row in set (0.00 sec)

mysql> SELECT LENGTH('ВАСЯ');
ERROR 2006 (HY000): MySQL server has gone away
No connection. Trying to reconnect...
Connection id:    7731
Current database: world

+--------------------+
| LENGTH('ВАСЯ')     |
+--------------------+
|                  8 |
+--------------------+
1 row in set (0.04 sec)

mysql> \C
ERROR: 
Usage: \C charset_name | charset charset_name
mysql> \c
mysql> \s
--------------

Connection id:		7731
Current database:	world
Current user:		root@localhost
SSL:			Cipher in use is DHE-RSA-AES256-SHA
Using delimiter:	;
Server version:		5.7.20 MySQL Community Server (GPL)
Protocol version:	10
Connection:		localhost via TCP/IP
Server characterset:	utf8
Db     characterset:	utf8
Client characterset:	utf8
Conn.  characterset:	utf8
TCP port:		3306
Uptime:			2 days 1 min 44 sec

Threads: 2  Questions: 15883  Slow queries: 0  Opens: 222  Flush tables: 1  Open tables: 115  Queries per second avg: 0.091
--------------

mysql> USE mydb1; SELECT title, LENGTH(title), CHAR_LENGTH(title) FROM tb1;
No connection. Trying to reconnect...
Connection id:    7744
Current database: *** NONE ***

Database changed
+----------------------------+---------------+--------------------+
| title                      | LENGTH(title) | CHAR_LENGTH(title) |
+----------------------------+---------------+--------------------+
| JavaScript 2015            |            15 |                 15 |
| jQuery                     |             6 |                  6 |
| MySQL                      |             5 |                  5 |
| PHP7                       |             4 |                  4 |
| Pixi js                    |             7 |                  7 |
| Кулинария                  |            18 |                  9 |
| Кулинария                  |            18 |                  9 |
| Пироговедение              |            26 |                 13 |
+----------------------------+---------------+--------------------+
8 rows in set (0.01 sec)

mysql> SELECT LEFT(title, 10) FROM tb1;
ERROR 2013 (HY000): Lost connection to MySQL server during query
mysql> SELECT LEFT(title, 10) FROM tb1;
ERROR 2006 (HY000): MySQL server has gone away
No connection. Trying to reconnect...
Connection id:    7750
Current database: mydb1

+----------------------+
| LEFT(title, 10)      |
+----------------------+
| JavaScript           |
| jQuery               |
| MySQL                |
| PHP7                 |
| Pixi js              |
| Кулинария            |
| Кулинария            |
| Пироговеде           |
+----------------------+
8 rows in set (0.05 sec)

mysql> SELECT YEAR(dtime), count(*) FROM tb1 GROUP BY 1;
ERROR 2006 (HY000): MySQL server has gone away
No connection. Trying to reconnect...
Connection id:    7795
Current database: mydb1

+-------------+----------+
| YEAR(dtime) | count(*) |
+-------------+----------+
|        2016 |        2 |
|        2018 |        6 |
+-------------+----------+
2 rows in set (0.04 sec)

mysql> SELECT MONTH(dtime), count(*) FROM tb1 GROUP BY 1;
+--------------+----------+
| MONTH(dtime) | count(*) |
+--------------+----------+
|            6 |        6 |
|           10 |        1 |
|           12 |        1 |
+--------------+----------+
3 rows in set (0.00 sec)

mysql> DROP FUNCTION IF EXISTS fn1; delimiter | CREATE FUNCTION fn1() RETURNS INT BEGIN     RETURN 1002302; END | delimiter ; SELECT fn1();
ERROR 2006 (HY000): MySQL server has gone away
No connection. Trying to reconnect...
Connection id:    7815
Current database: mydb1

Query OK, 0 rows affected, 1 warning (0.04 sec)

ERROR 1064 (42000): You have an error in your SQL syntax; check the manual that corresponds to your MySQL server version for the right syntax to use near 'END' at line 1
    -> ^C
mysql> SHOW TADABASES;
    -> ^C
mysql> SHOW TADABASES;
    -> SHOW TADABASES
    -> ^C
mysql> ^C
mysql> ^C
mysql> ^C
mysql> ^C
mysql> SHOW TADABASES
    -> ^C
mysql> SHOW TABLES;
    -> EXIT
    -> ^C
mysql> exit
mysql> SHOW DATABASES;
ERROR 2013 (HY000): Lost connection to MySQL server during query
mysql> SHOW DATABASES;
ERROR 2006 (HY000): MySQL server has gone away
No connection. Trying to reconnect...
Connection id:    7889
Current database: *** NONE ***

+--------------------+
| Database           |
+--------------------+
| information_schema |
| bookshop           |
| eshop              |
| mydb1              |
| mysql              |
| pcshop             |
| performance_schema |
| sys                |
| wall               |
| wordpress          |
| world              |
+--------------------+
11 rows in set (0.04 sec)

mysql> use mydb1;
Database changed
mysql> DROP TABLE IF EXISTS product; CREATE TABLE product ( id INT UNSIGNED NOT NULL AUTO_INCREMENT, title VARCHAR(30) NOT NULL DEFAULT '', price FLOAT NOT NULL DEFAULT 0, quo FLOAT NOT NULL DEFAULT 0, PRIMARY KEY (id) ); -- Данные таблицы INSERT INTO product VALUES (1, 'Товар 1', 123, 200), (2, 'Товар 2', 150, 200), (3, 'Товар 3', 187, 300), (4, 'Товар 4', 300, 400), (5, 'Товар 5', 225, 500);
Query OK, 0 rows affected (0.04 sec)

Query OK, 0 rows affected (0.05 sec)

mysql> ^C
mysql> DROP TABLE IF EXISTS product_log; CREATE TABLE product_log ( date DATETIME COMMENT 'Дата и время операции', user VARCHAR(50) COMMENT 'Кто сделал изменения', product_id INT UNSIGNED COMMENT 'Код продукта', old_price FLOAT COMMENT 'Старая цена', new_price FLOAT COMMENT 'Новая цена' );
Query OK, 0 rows affected, 1 warning (0.00 sec)

Query OK, 0 rows affected (0.03 sec)

mysql> ^C
mysql> DELIMITER | DROP TRIGGER IF EXISTS tg_product_update | CREATE TRIGGER tg_product_update AFTER UPDATE ON product FOR EACH ROW BEGIN -- Если цена изменялась... IF OLD.price <> NEW.price THEN -- Внесем запись в журнал INSERT INTO product_log VALUES (NOW(), USER(), OLD.id, OLD.price, NEW.price); END IF; END; | DELIMITER ;
mysql> UPDATE product SET price = price / 2 WHERE id = 2; UPDATE product SET price = price * 2 WHERE id = 2; SELECT * FROM product_log;
    -> UPDATE product SET price = price / 2 WHERE id = 2; UPDATE product SET price = price * 2 WHERE id = 2; SELECT * FROM product_log;
    -> ^C
mysql> UPDATE product SET price = price / 2 WHERE id = 2; UPDATE product SET price = price * 2 WHERE id = 2; SELECT * FROM product_log;
    -> ^C
mysql> exit
mysql> SHOW DATABASES;
+--------------------+
| Database           |
+--------------------+
| information_schema |
| bookshop           |
| eshop              |
| mydb1              |
| mysql              |
| pcshop             |
| performance_schema |
| sys                |
| wall               |
| wordpress          |
| world              |
+--------------------+
11 rows in set (0.00 sec)

mysql> UPDATE product SET price = price / 2 WHERE id = 2; UPDATE product SET price = price * 2 WHERE id = 2; SELECT * FROM product_log;
ERROR 1046 (3D000): No database selected
ERROR 1046 (3D000): No database selected
ERROR 1046 (3D000): No database selected
mysql> use mydb1;
Database changed
mysql> UPDATE product SET price = price / 2 WHERE id = 2; UPDATE product SET price = price * 2 WHERE id = 2; SELECT * FROM product_log;
Query OK, 0 rows affected (0.01 sec)
Rows matched: 0  Changed: 0  Warnings: 0

Query OK, 0 rows affected (0.00 sec)
Rows matched: 0  Changed: 0  Warnings: 0

Empty set (0.00 sec)

mysql> SELECT * FROM product_log;
Empty set (0.00 sec)

mysql> ^C
mysql> ^C
mysql> ^C
mysql> DELIMITER | DROP TRIGGER IF EXISTS tg_product_update | CREATE TRIGGER tg_product_update AFTER UPDATE ON product FOR EACH ROW BEGIN -- Если цена изменялась... IF OLD.price <> NEW.price THEN -- Внесем запись в журнал INSERT INTO product_log VALUES (NOW(), USER(), OLD.id, OLD.price, NEW.price); END IF; END; | DELIMITER ;
mysql> exit
mysql> use mydb1;
Database changed
mysql> ^C
mysql> DELIMITER | DROP TRIGGER IF EXISTS tg_product_update | CREATE TRIGGER tg_product_update AFTER UPDATE ON product FOR EACH ROW BEGIN -- Если цена изменялась... IF OLD.price <> NEW.price THEN -- Внесем запись в журнал INSERT INTO product_log VALUES (NOW(), USER(), OLD.id, OLD.price, NEW.price); END IF; END; | DELIMITER 
mysql> 
mysql> ^C
mysql> ^C
mysql> DELIMITER | DROP TRIGGER IF EXISTS tg_product_update | CREATE TRIGGER tg_product_update AFTER UPDATE ON product FOR EACH ROW BEGIN -- Если цена изменялась... IF OLD.price <> NEW.price THEN -- Внесем запись в журнал INSERT INTO product_log VALUES (NOW(), USER(), OLD.id, OLD.price, NEW.price); END IF; END; | DELIMITER ;
mysql> exit
mysql> use mydb1;
Database changed
mysql> show tables;
+------------------+
| Tables_in_mydb1  |
+------------------+
| fantastika       |
| product          |
| product_log      |
| product_with_tax |
| tb1              |
| tb2              |
| tb3              |
| tb5              |
+------------------+
8 rows in set (0.01 sec)

mysql> DELIMITER | DROP TRIGGER IF EXISTS tg_product_update | CREATE TRIGGER tg_product_update AFTER UPDATE ON product FOR EACH ROW BEGIN -- Если цена изменялась... IF OLD.price <> NEW.price THEN -- Внесем запись в журнал INSERT INTO product_log VALUES (NOW(), USER(), OLD.id, OLD.price, NEW.price); END IF; END; | DELIMITER ;
mysql> UPDATE product SET price = price / 2 WHERE id = 2; UPDATE product SET price = price * 2 WHERE id = 2;
    -> ^C
mysql> SELECT * FROM product_log;
    -> ^C
mysql> exit
mysql> use mydb1;
Database changed
mysql> SELECT * FROM product_log;
Empty set (0.00 sec)

mysql> UPDATE product SET price = price / 2 WHERE id = 2; UPDATE product SET price = price * 2 WHERE id = 2;
Query OK, 0 rows affected (0.00 sec)
Rows matched: 0  Changed: 0  Warnings: 0

Query OK, 0 rows affected (0.00 sec)
Rows matched: 0  Changed: 0  Warnings: 0

mysql> SELECT * FROM product_log;
Empty set (0.00 sec)

mysql> INSERT INTO product VALUES (1, 'Товар 1', 123, 200), (2, 'Товар 2', 150, 200), (3, 'Товар 3', 187, 300), (4, 'Товар 4', 300, 400), (5, 'Товар 5', 225, 500);
Query OK, 5 rows affected (0.01 sec)
Records: 5  Duplicates: 0  Warnings: 0

mysql> SELECT * FROM product_log;
Empty set (0.00 sec)

mysql> ^C
mysql> DROP TABLE IF EXISTS product_log; CREATE TABLE product_log ( date DATETIME COMMENT 'Дата и время операции', user VARCHAR(50) COMMENT 'Кто сделал изменения', product_id INT UNSIGNED COMMENT 'Код продукта', old_price FLOAT COMMENT 'Старая цена', new_price FLOAT COMMENT 'Новая цена' );
Query OK, 0 rows affected (0.01 sec)

Query OK, 0 rows affected (0.02 sec)

mysql> SELECT * FROM product_log;
Empty set (0.00 sec)

mysql> USE world;  DELIMITER | DROP TRIGGER IF EXISTS tg_country_update | CREATE TRIGGER tg_country_update AFTER UPDATE ON country FOR EACH ROW BEGIN -- Если цена изменялась... IF OLD.name <> NEW.name THEN -- Внесем запись в журнал     UPDATE city SET city.name = CONCAT(city.name, '*')     WHERE countrycode = OLD.code; END IF; END; | DELIMITER ;
No connection. Trying to reconnect...
Connection id:    7999
Current database: *** NONE ***

Database changed
    -> ^C
mysql> UPDATE country SET name = CONCAT(name, '*') ORDER BY RAND() LIMIT 1;
Query OK, 1 row affected (0.01 sec)
Rows matched: 1  Changed: 1  Warnings: 0

mysql> SELECT name FROM country WHERE RIGHT(name, 1) = '*';
ERROR 2013 (HY000): Lost connection to MySQL server during query
mysql> SELECT name FROM country WHERE RIGHT(name, 1) = '*';
ERROR 2006 (HY000): MySQL server has gone away
No connection. Trying to reconnect...
Connection id:    8010
Current database: world

+---------------+
| name          |
+---------------+
| Saudi Arabia* |
+---------------+
1 row in set (0.05 sec)

mysql> SELECT name FROM city WHERE RIGHT(name, 1) = '*';
ERROR 2013 (HY000): Lost connection to MySQL server during query
mysql> SELECT name FROM city WHERE RIGHT(name, 1) = '*';
ERROR 2006 (HY000): MySQL server has gone away
No connection. Trying to reconnect...
Connection id:    8015
Current database: world

Empty set (0.05 sec)

mysql> SELECT name FROM city WHERE RIGHT(name, 1) = '*';
Empty set (0.00 sec)

mysql> SELECT GET_LOCK('mylock', 5);
ERROR 2006 (HY000): MySQL server has gone away
No connection. Trying to reconnect...
Connection id:    8502
Current database: world

+-----------------------+
| GET_LOCK('mylock', 5) |
+-----------------------+
|                     1 |
+-----------------------+
1 row in set (0.06 sec)

mysql> SELECT GET_LOCK('mylock', 5);
+-----------------------+
| GET_LOCK('mylock', 5) |
+-----------------------+
|                     1 |
+-----------------------+
1 row in set (0.00 sec)

mysql> SHOW ENGINES\G
ERROR 2006 (HY000): MySQL server has gone away
No connection. Trying to reconnect...
Connection id:    8968
Current database: world

*************************** 1. row ***************************
      Engine: InnoDB
     Support: DEFAULT
     Comment: Supports transactions, row-level locking, and foreign keys
Transactions: YES
          XA: YES
  Savepoints: YES
*************************** 2. row ***************************
      Engine: MRG_MYISAM
     Support: YES
     Comment: Collection of identical MyISAM tables
Transactions: NO
          XA: NO
  Savepoints: NO
*************************** 3. row ***************************
      Engine: MEMORY
     Support: YES
     Comment: Hash based, stored in memory, useful for temporary tables
Transactions: NO
          XA: NO
  Savepoints: NO
*************************** 4. row ***************************
      Engine: BLACKHOLE
     Support: YES
     Comment: /dev/null storage engine (anything you write to it disappears)
Transactions: NO
          XA: NO
  Savepoints: NO
*************************** 5. row ***************************
      Engine: MyISAM
     Support: YES
     Comment: MyISAM storage engine
Transactions: NO
          XA: NO
  Savepoints: NO
*************************** 6. row ***************************
      Engine: CSV
     Support: YES
     Comment: CSV storage engine
Transactions: NO
          XA: NO
  Savepoints: NO
*************************** 7. row ***************************
      Engine: ARCHIVE
     Support: YES
     Comment: Archive storage engine
Transactions: NO
          XA: NO
  Savepoints: NO
*************************** 8. row ***************************
      Engine: PERFORMANCE_SCHEMA
     Support: YES
     Comment: Performance Schema
Transactions: NO
          XA: NO
  Savepoints: NO
*************************** 9. row ***************************
      Engine: FEDERATED
     Support: NO
     Comment: Federated MySQL storage engine
Transactions: NULL
          XA: NULL
  Savepoints: NULL
9 rows in set (0.04 sec)

mysql> Terminal close -- exit!
